{
  "configurations": [
    {
      "name": "x64-Debug",
      "generator": "Ninja",
      "configurationType": "Debug",
      "inheritEnvironments": [ "msvc_x64_x64" ],
      "buildRoot": "${projectDir}\\out\\build\\${name}",
      "installRoot": "${projectDir}\\out\\install\\${name}",
      "cmakeCommandArgs": "",
      "buildCommandArgs": "-v",
      "ctestCommandArgs": "",
      "variables": [
        {
          "name": "CMAKE_TOOLCHAIN_FILE",
          "value": "C:\\Program Files\\Microsoft Visual Studio\\2022\\Community\\VC\\vcpkg\\scripts\\buildsystems\\vcpkg.cmake",
          "type": "FILEPATH"
        }
      ]
    },
    {
      "name": "x64-Release",
      "generator": "Ninja",
      "configurationType": "Release",
      "inheritEnvironments": [ "msvc_x64_x64" ],
      "buildRoot": "${projectDir}\\out\\build\\${name}",
      "installRoot": "${projectDir}\\out\\install\\${name}",
      "cmakeCommandArgs": "",
      "buildCommandArgs": "-v",
      "ctestCommandArgs": "",
      "variables": [
        {
          "name": "CMAKE_TOOLCHAIN_FILE",
          "value": "C:\\Program Files\\Microsoft Visual Studio\\2022\\Community\\VC\\vcpkg\\scripts\\buildsystems\\vcpkg.cmake",
          "type": "FILEPATH"
        }
      ]
    }
  ]
}
